-- ----------------------------
-- 1、部门表
-- ----------------------------
drop table if exists sys_dept;
create table sys_dept (
  dept_id            bigint(20)      not null auto_increment    comment '部门id',
  dept_id_path       varchar(500)    not null                   comment '部门id路径',
  parent_id          bigint(20)      default 0                  comment '父部门id',
  ancestors          varchar(50)     default ''                 comment '祖级列表',
  dept_name          varchar(50)     default ''                 comment '部门名称',
  dept_name_path     varchar(500)    default ''                 comment '部门名称路径',
  order_num          int(4)          default 0                  comment '显示顺序',
  leader             varchar(20)     default null               comment '负责人',
  phone              varchar(11)     default null               comment '联系电话',
  email              varchar(50)     default null               comment '邮箱',
  status_code        char(1)         not null default '0'       comment '部门状态（0正常 1停用）',
  del_flag           char(1)         default '0'                comment '删除标志（0代表存在 2代表删除）',
  created_by         bigint(20)      default 1                  comment '创建者ID',
  created_name       varchar(64)     default ''                 comment '创建者',
  created_time       datetime                                   comment '创建时间',
  modified_by        bigint(20)      default 1                  comment '更新者ID',
  modified_name      varchar(64)     default ''                 comment '更新者',
  modified_time      datetime                                   comment '更新时间',
  vor                bigint(20)      default 0                  comment '记录版本号',
  primary key (dept_id)
) engine=innodb auto_increment=200 comment = '部门表';

-- ----------------------------
-- 初始化-部门表数据
-- ----------------------------
insert into sys_dept values(100,  '/100',         0,   '0',          '若依科技',  '',                   0, '若依', '15888888888', 'ry@qq.com', '0', '0', 1, 'admin', sysdate(),  1, 'admin', sysdate(), 0);
insert into sys_dept values(101,  '/100/101',     100, '0,100',      '深圳总公司', '/深圳总公司',          1, '若依', '15888888888', 'ry@qq.com', '0', '0', 1, 'admin', sysdate(), 1, 'admin', sysdate(), 0);
insert into sys_dept values(102,  '/100/102',     100, '0,100',      '长沙分公司', '/长沙分公司',          2, '若依', '15888888888', 'ry@qq.com', '0', '0', 1, 'admin', sysdate(), 1, 'admin', sysdate(), 0);
insert into sys_dept values(103,  '/100/101/103', 101, '0,100,101',  '研发部门',  '/深圳总公司/研发部门',   1, '若依', '15888888888', 'ry@qq.com', '0', '0', 1, 'admin', sysdate(),  1, 'admin', sysdate(), 0);
insert into sys_dept values(104,  '/100/101/104', 101, '0,100,101',  '市场部门',  '/深圳总公司/市场部门',   2, '若依', '15888888888', 'ry@qq.com', '0', '0', 1, 'admin', sysdate(),  1, 'admin', sysdate(), 0);
insert into sys_dept values(105,  '/100/101/105', 101, '0,100,101',  '测试部门',  '/深圳总公司/测试部门',   3, '若依', '15888888888', 'ry@qq.com', '0', '0', 1, 'admin', sysdate(),  1, 'admin', sysdate(), 0);
insert into sys_dept values(106,  '/100/101/106', 101, '0,100,101',  '财务部门',  '/深圳总公司/财务部门',   4, '若依', '15888888888', 'ry@qq.com', '0', '0', 1, 'admin', sysdate(),  1, 'admin', sysdate(), 0);
insert into sys_dept values(107,  '/100/101/107', 101, '0,100,101',  '运维部门',  '/深圳总公司/运维部门',   5, '若依', '15888888888', 'ry@qq.com', '0', '0', 1, 'admin', sysdate(),  1, 'admin', sysdate(), 0);
insert into sys_dept values(108,  '/100/102/108', 102, '0,100,102',  '市场部门',  '/长沙分公司/市场部门',   1, '若依', '15888888888', 'ry@qq.com', '0', '0', 1, 'admin', sysdate(),  1, 'admin', sysdate(), 0);
insert into sys_dept values(109,  '/100/101/109', 102, '0,100,102',  '财务部门',  '/长沙分公司/财务部门',   2, '若依', '15888888888', 'ry@qq.com', '0', '0', 1, 'admin', sysdate(),  1, 'admin', sysdate(), 0);


-- ----------------------------
-- 2、用户信息表
-- ----------------------------
drop table if exists sys_user;
create table sys_user (
  user_id           bigint(20)      not null auto_increment    comment '用户ID',
  dept_id           bigint(20)      default null               comment '部门ID',
  user_name         varchar(30)     not null                   comment '用户账号',
  nick_name         varchar(30)     not null                   comment '用户昵称',
  user_type         varchar(2)      default '00'               comment '用户类型（00系统用户）',
  email             varchar(50)     default ''                 comment '用户邮箱',
  phone_num         varchar(11)     default ''                 comment '手机号码',
  sex               char(1)         default '0'                comment '用户性别（0男 1女 2未知）',
  avatar            varchar(100)    default ''                 comment '头像地址',
  password          varchar(100)    default ''                 comment '密码',
  status_code       char(1)         not null default '0'       comment '帐号状态（0正常 1停用）',
  del_flag          char(1)         default '0'                comment '删除标志（0代表存在 2代表删除）',
  login_ip          varchar(128)    default ''                 comment '最后登录IP',
  login_date        datetime                                   comment '最后登录时间',
  created_by        bigint(20)      default 1                  comment '创建者ID',
  created_name      varchar(64)     default ''                 comment '创建者',
  created_time      datetime                                   comment '创建时间',
  modified_by       bigint(20)      default 1                  comment '更新者ID',
  modified_name     varchar(64)     default ''                 comment '更新者',
  modified_time     datetime                                   comment '更新时间',
  remark            varchar(500)    default null               comment '备注',
  vor               bigint(20)      default 0                  comment '记录版本号',
  primary key (user_id)
) engine=innodb auto_increment=100 comment = '用户信息表';

-- ----------------------------
-- 初始化-用户信息表数据
-- ----------------------------
insert into sys_user values(1,  103, 'admin', '若依', '00', 'ry@163.com', '15888888888', '1', '', '$2a$10$7JB720yubVSZvUI0rEqK/.VqGOZTH.ulu33dHOiBE8ByOhJIrdAu2', '0', '0', '127.0.0.1', sysdate(), 1, 'admin', sysdate(), 1, 'admin', sysdate(), '管理员', 0);
insert into sys_user values(2,  105, 'ry',    '若依', '00', 'ry@qq.com',  '15666666666', '1', '', '$2a$10$7JB720yubVSZvUI0rEqK/.VqGOZTH.ulu33dHOiBE8ByOhJIrdAu2', '0', '0', '127.0.0.1', sysdate(), 1, 'admin', sysdate(), 1, 'admin', sysdate(), '测试员', 0);


-- ----------------------------
-- 3、岗位信息表
-- ----------------------------
drop table if exists sys_post;
create table sys_post
(
  post_id           bigint(20)      not null auto_increment    comment '岗位ID',
  post_code         varchar(64)     not null                   comment '岗位编码',
  post_name         varchar(50)     not null                   comment '岗位名称',
  post_sort         int(4)          not null                   comment '显示顺序',
  status_code       char(1)         not null default '0'       comment '状态（0正常 1停用）',
  del_flag          char(1)         default '0'                comment '删除标志（0代表未删除 1代表已删除）',
  created_by        bigint(20)      default 1                  comment '创建者ID',
  created_name      varchar(64)     default ''                 comment '创建者',
  created_time      datetime                                   comment '创建时间',
  modified_by       bigint(20)      default 1                  comment '更新者ID',
  modified_name     varchar(64)     default ''                 comment '更新者',
  modified_time     datetime                                   comment '更新时间',
  remark            varchar(500)    default null               comment '备注',
  tenant_id_path    varchar(500)    default ''                 comment '租户ID路径',
  tenant_name_path  varchar(500)    default ''                 comment '租户名称路径',
  vor               bigint(20)      default 0                  comment '记录版本号',
  primary key (post_id)
) engine=innodb comment = '岗位信息表';

-- ----------------------------
-- 初始化-岗位信息表数据
-- ----------------------------
insert into sys_post values(1, 'ceo',  '董事长',    1, '0', '0', 1, 'admin', sysdate(), 1, 'admin', sysdate(), '', '/100', '', 0);
insert into sys_post values(2, 'se',   '项目经理',  2, '0', '0', 1, 'admin', sysdate(), 1, 'admin', sysdate(), '', '/100', '', 0);
insert into sys_post values(3, 'hr',   '人力资源',  3, '0', '0', 1, 'admin', sysdate(), 1, 'admin', sysdate(), '', '/100', '', 0);
insert into sys_post values(4, 'user', '普通员工',  4, '0', '0', 1, 'admin', sysdate(), 1, 'admin', sysdate(), '', '/100', '', 0);


-- ----------------------------
-- 4、角色信息表
-- ----------------------------
drop table if exists sys_role;
create table sys_role (
  role_id              bigint(20)      not null auto_increment    comment '角色ID',
  role_name            varchar(30)     not null                   comment '角色名称',
  role_key             varchar(100)    not null                   comment '角色权限字符串',
  role_sort            int(4)          not null                   comment '显示顺序',
  data_scope           char(1)         default '1'                comment '数据范围（1：全部数据权限 2：自定数据权限 3：本部门数据权限 4：本部门及以下数据权限）',
  menu_check_strictly  tinyint(1)      default 1                  comment '菜单树选择项是否关联显示',
  dept_check_strictly  tinyint(1)      default 1                  comment '部门树选择项是否关联显示',
  status_code          char(1)         not null default '0'       comment '角色状态（0正常 1停用）',
  del_flag             char(1)         default '0'                comment '删除标志（0代表未删除 1代表已删除）',
  created_by           bigint(20)      default 1                  comment '创建者ID',
  created_name         varchar(64)     default ''                 comment '创建者',
  created_time         datetime                                   comment '创建时间',
  modified_by          bigint(20)      default 1                  comment '更新者ID',
  modified_name        varchar(64)     default ''                 comment '更新者',
  modified_time        datetime                                   comment '更新时间',
  remark               varchar(500)    default null               comment '备注',
  tenant_id_path       varchar(500)    default ''                 comment '租户ID路径',
  tenant_name_path     varchar(500)    default ''                 comment '租户名称路径',
  vor                  bigint(20)      default 0                  comment '记录版本号',
  primary key (role_id)
) engine=innodb auto_increment=100 comment = '角色信息表';

-- ----------------------------
-- 初始化-角色信息表数据
-- ----------------------------
insert into sys_role values('1', '超级管理员',  'admin',  1, 1, 1, 1, '0', '0', 1, 'admin', sysdate(), 1, 'admin', sysdate(), '超级管理员', '/100', '', 0);
insert into sys_role values('2', '普通角色',    'common', 2, 2, 1, 1, '0', '0', 1, 'admin', sysdate(), 1, 'admin', sysdate(), '普通角色', '/100', '', 0);


-- ----------------------------
-- 5、菜单权限表
-- ----------------------------
drop table if exists sys_menu;
create table sys_menu (
  menu_id           bigint(20)      not null auto_increment    comment '菜单ID',
  menu_name         varchar(50)     not null                   comment '菜单名称',
  parent_id         bigint(20)      default 0                  comment '父菜单ID',
  order_num         int(4)          default 0                  comment '显示顺序',
  path              varchar(200)    default ''                 comment '路由地址',
  component         varchar(255)    default null               comment '组件路径',
  is_frame          int(1)          default 1                  comment '是否为外链（0是 1否）',
  is_cache          int(1)          default 0                  comment '是否缓存（0缓存 1不缓存）',
  menu_type         char(1)         default ''                 comment '菜单类型（M目录 C菜单 F按钮）',
  visible           char(1)         default 0                  comment '菜单状态（0显示 1隐藏）',
  status_code       char(1)         default '0'                comment '菜单状态（0正常 1停用）',
  del_flag          char(1)         default '0'                comment '删除标志（0代表未删除 1代表已删除）',
  perms             varchar(100)    default null               comment '权限标识',
  icon              varchar(100)    default '#'                comment '菜单图标',
  created_by        bigint(20)      default 1                  comment '创建者ID',
  created_name      varchar(64)     default ''                 comment '创建者',
  created_time      datetime                                   comment '创建时间',
  modified_by       bigint(20)      default 1                  comment '更新者ID',
  modified_name     varchar(64)     default ''                 comment '更新者',
  modified_time     datetime                                   comment '更新时间',
  remark            varchar(500)    default null               comment '备注',
  vor               bigint(20)      default 0                  comment '记录版本号',
  primary key (menu_id)
) engine=innodb auto_increment=2000 comment = '菜单权限表';

-- ----------------------------
-- 初始化-菜单信息表数据
-- ----------------------------
-- 一级菜单
insert into sys_menu values('1', '系统管理', '0', '1', 'system',           null,   1, 0, 'M', '0', '0', '0', '', 'system',   1, 'admin', sysdate(), 1, 'admin', sysdate(), '系统管理目录', 0);
insert into sys_menu values('2', '系统监控', '0', '2', 'monitor',          null,   1, 0, 'M', '0', '0', '0', '', 'monitor',  1, 'admin', sysdate(), 1, 'admin', sysdate(), '系统监控目录', 0);
insert into sys_menu values('3', '系统工具', '0', '3', 'tool',             null,   1, 0, 'M', '0', '0', '0', '', 'tool',     1, 'admin', sysdate(), 1, 'admin', sysdate(), '系统工具目录', 0);
insert into sys_menu values('4', '若依官网', '0', '4', 'http://ruoyi.vip', null ,  0, 0, 'M', '0', '0', '0', '', 'guide',    1, 'admin', sysdate(), 1, 'admin', sysdate(), '若依官网地址', 0);
-- 二级菜单
insert into sys_menu values('100',  '用户管理', '1',   '1', 'user',       'system/user/index',        1, 0, 'C', '0', '0', '0', 'system:user:list',        'user',          1, 'admin', sysdate(), 1, 'admin', sysdate(), '用户管理菜单', 0);
insert into sys_menu values('101',  '角色管理', '1',   '2', 'role',       'system/role/index',        1, 0, 'C', '0', '0', '0', 'system:role:list',        'peoples',       1, 'admin', sysdate(), 1, 'admin', sysdate(), '角色管理菜单', 0);
insert into sys_menu values('102',  '菜单管理', '1',   '3', 'menu',       'system/menu/index',        1, 0, 'C', '0', '0', '0', 'system:menu:list',        'tree-table',    1, 'admin', sysdate(), 1, 'admin', sysdate(), '菜单管理菜单', 0);
insert into sys_menu values('103',  '部门管理', '1',   '4', 'dept',       'system/dept/index',        1, 0, 'C', '0', '0', '0', 'system:dept:list',        'tree',          1, 'admin', sysdate(), 1, 'admin', sysdate(), '部门管理菜单', 0);
insert into sys_menu values('104',  '岗位管理', '1',   '5', 'post',       'system/post/index',        1, 0, 'C', '0', '0', '0', 'system:post:list',        'post',          1, 'admin', sysdate(), 1, 'admin', sysdate(), '岗位管理菜单', 0);
insert into sys_menu values('105',  '字典管理', '1',   '6', 'dict',       'system/dict/index',        1, 0, 'C', '0', '0', '0', 'system:dict:list',        'dict',          1, 'admin', sysdate(), 1, 'admin', sysdate(), '字典管理菜单', 0);
insert into sys_menu values('106',  '参数设置', '1',   '7', 'config',     'system/config/index',      1, 0, 'C', '0', '0', '0', 'system:config:list',      'edit',          1, 'admin', sysdate(), 1, 'admin', sysdate(), '参数设置菜单', 0);
insert into sys_menu values('107',  '通知公告', '1',   '8', 'notice',     'system/notice/index',      1, 0, 'C', '0', '0', '0', 'system:notice:list',      'message',       1, 'admin', sysdate(), 1, 'admin', sysdate(), '通知公告菜单', 0);
insert into sys_menu values('108',  '日志管理', '1',   '9', 'log',        '',                         1, 0, 'M', '0', '0', '0', '',                        'log',           1, 'admin', sysdate(), 1, 'admin', sysdate(), '日志管理菜单', 0);
insert into sys_menu values('109',  '在线用户', '2',   '1', 'online',     'monitor/online/index',     1, 0, 'C', '0', '0', '0', 'monitor:online:list',     'online',        1, 'admin', sysdate(), 1, 'admin', sysdate(), '在线用户菜单', 0);
insert into sys_menu values('110',  '定时任务', '2',   '2', 'job',        'monitor/job/index',        1, 0, 'C', '0', '0', '0', 'monitor:job:list',        'job',           1, 'admin', sysdate(), 1, 'admin', sysdate(), '定时任务菜单', 0);
insert into sys_menu values('111',  '数据监控', '2',   '3', 'druid',      'monitor/druid/index',      1, 0, 'C', '0', '0', '0', 'monitor:druid:list',      'druid',         1, 'admin', sysdate(), 1, 'admin', sysdate(), '数据监控菜单', 0);
insert into sys_menu values('112',  '服务监控', '2',   '4', 'server',     'monitor/server/index',     1, 0, 'C', '0', '0', '0', 'monitor:server:list',     'server',        1, 'admin', sysdate(), 1, 'admin', sysdate(), '服务监控菜单', 0);
insert into sys_menu values('113',  '缓存监控', '2',   '5', 'cache',      'monitor/cache/index',      1, 0, 'C', '0', '0', '0', 'monitor:cache:list',      'redis',         1, 'admin', sysdate(), 1, 'admin', sysdate(), '缓存监控菜单', 0);
insert into sys_menu values('114',  '表单构建', '3',   '1', 'build',      'tool/build/index',         1, 0, 'C', '0', '0', '0', 'tool:build:list',         'build',         1, 'admin', sysdate(), 1, 'admin', sysdate(), '表单构建菜单', 0);
insert into sys_menu values('115',  '代码生成', '3',   '2', 'gen',        'tool/gen/index',           1, 0, 'C', '0', '0', '0', 'tool:gen:list',           'code',          1, 'admin', sysdate(), 1, 'admin', sysdate(), '代码生成菜单', 0);
insert into sys_menu values('116',  '系统接口', '3',   '3', 'swagger',    'tool/swagger/index',       1, 0, 'C', '0', '0', '0', 'tool:swagger:list',       'swagger',       1, 'admin', sysdate(), 1, 'admin', sysdate(), '系统接口菜单', 0);
-- 三级菜单
insert into sys_menu values('500',  '操作日志', '108', '1', 'operlog',   'monitor/operlog/index',   1, 0, 'C', '0', '0', '0', 'monitor:operlog:list',   'form',         1, 'admin', sysdate(), 1, 'admin', sysdate(), '操作日志菜单', 0);
insert into sys_menu values('501',  '登录日志', '108', '2', 'loginInfo', 'monitor/loginInfo/index', 1, 0, 'C', '0', '0', '0', 'monitor:loginInfo:list', 'loginInfo',    1, 'admin', sysdate(), 1, 'admin', sysdate(), '登录日志菜单', 0);
-- 用户管理按钮
insert into sys_menu values('1001', '用户查询', '100', '1',  '', '', 1, 0, 'F', '0', '0', '0', 'system:user:query',          '#', 1, 'admin', sysdate(), 1, 'admin', sysdate(), '', 0);
insert into sys_menu values('1002', '用户新增', '100', '2',  '', '', 1, 0, 'F', '0', '0', '0', 'system:user:add',            '#', 1, 'admin', sysdate(), 1, 'admin', sysdate(), '', 0);
insert into sys_menu values('1003', '用户修改', '100', '3',  '', '', 1, 0, 'F', '0', '0', '0', 'system:user:edit',           '#', 1, 'admin', sysdate(), 1, 'admin', sysdate(), '', 0);
insert into sys_menu values('1004', '用户删除', '100', '4',  '', '', 1, 0, 'F', '0', '0', '0', 'system:user:remove',         '#', 1, 'admin', sysdate(), 1, 'admin', sysdate(), '', 0);
insert into sys_menu values('1005', '用户导出', '100', '5',  '', '', 1, 0, 'F', '0', '0', '0', 'system:user:export',         '#', 1, 'admin', sysdate(), 1, 'admin', sysdate(), '', 0);
insert into sys_menu values('1006', '用户导入', '100', '6',  '', '', 1, 0, 'F', '0', '0', '0', 'system:user:import',         '#', 1, 'admin', sysdate(), 1, 'admin', sysdate(), '', 0);
insert into sys_menu values('1007', '重置密码', '100', '7',  '', '', 1, 0, 'F', '0', '0', '0', 'system:user:resetPwd',       '#', 1, 'admin', sysdate(), 1, 'admin', sysdate(), '', 0);
-- 角色管理按钮
insert into sys_menu values('1008', '角色查询', '101', '1',  '', '', 1, 0, 'F', '0', '0', '0', 'system:role:query',          '#', 1, 'admin', sysdate(), 1, 'admin', sysdate(), '', 0);
insert into sys_menu values('1009', '角色新增', '101', '2',  '', '', 1, 0, 'F', '0', '0', '0', 'system:role:add',            '#', 1, 'admin', sysdate(), 1, 'admin', sysdate(), '', 0);
insert into sys_menu values('1010', '角色修改', '101', '3',  '', '', 1, 0, 'F', '0', '0', '0', 'system:role:edit',           '#', 1, 'admin', sysdate(), 1, 'admin', sysdate(), '', 0);
insert into sys_menu values('1011', '角色删除', '101', '4',  '', '', 1, 0, 'F', '0', '0', '0', 'system:role:remove',         '#', 1, 'admin', sysdate(), 1, 'admin', sysdate(), '', 0);
insert into sys_menu values('1012', '角色导出', '101', '5',  '', '', 1, 0, 'F', '0', '0', '0', 'system:role:export',         '#', 1, 'admin', sysdate(), 1, 'admin', sysdate(), '', 0);
-- 菜单管理按钮
insert into sys_menu values('1013', '菜单查询', '102', '1',  '', '', 1, 0, 'F', '0', '0', '0', 'system:menu:query',          '#', 1, 'admin', sysdate(), 1, 'admin', sysdate(), '', 0);
insert into sys_menu values('1014', '菜单新增', '102', '2',  '', '', 1, 0, 'F', '0', '0', '0', 'system:menu:add',            '#', 1, 'admin', sysdate(), 1, 'admin', sysdate(), '', 0);
insert into sys_menu values('1015', '菜单修改', '102', '3',  '', '', 1, 0, 'F', '0', '0', '0', 'system:menu:edit',           '#', 1, 'admin', sysdate(), 1, 'admin', sysdate(), '', 0);
insert into sys_menu values('1016', '菜单删除', '102', '4',  '', '', 1, 0, 'F', '0', '0', '0', 'system:menu:remove',         '#', 1, 'admin', sysdate(), 1, 'admin', sysdate(), '', 0);
-- 部门管理按
insert into sys_menu values('1017', '部门查询', '103', '1',  '', '', 1, 0, 'F', '0', '0', '0', 'system:dept:query',          '#', 1, 'admin', sysdate(), 1, 'admin', sysdate(), '', 0);
insert into sys_menu values('1018', '部门新增', '103', '2',  '', '', 1, 0, 'F', '0', '0', '0', 'system:dept:add',            '#', 1, 'admin', sysdate(), 1, 'admin', sysdate(), '', 0);
insert into sys_menu values('1019', '部门修改', '103', '3',  '', '', 1, 0, 'F', '0', '0', '0', 'system:dept:edit',           '#', 1, 'admin', sysdate(), 1, 'admin', sysdate(), '', 0);
insert into sys_menu values('1020', '部门删除', '103', '4',  '', '', 1, 0, 'F', '0', '0', '0', 'system:dept:remove',         '#', 1, 'admin', sysdate(), 1, 'admin', sysdate(), '', 0);
-- 岗位管理按钮
insert into sys_menu values('1021', '岗位查询', '104', '1',  '', '', 1, 0, 'F', '0', '0', '0', 'system:post:query',          '#', 1, 'admin', sysdate(), 1, 'admin', sysdate(), '', 0);
insert into sys_menu values('1022', '岗位新增', '104', '2',  '', '', 1, 0, 'F', '0', '0', '0', 'system:post:add',            '#', 1, 'admin', sysdate(), 1, 'admin', sysdate(), '', 0);
insert into sys_menu values('1023', '岗位修改', '104', '3',  '', '', 1, 0, 'F', '0', '0', '0', 'system:post:edit',           '#', 1, 'admin', sysdate(), 1, 'admin', sysdate(), '', 0);
insert into sys_menu values('1024', '岗位删除', '104', '4',  '', '', 1, 0, 'F', '0', '0', '0', 'system:post:remove',         '#', 1, 'admin', sysdate(), 1, 'admin', sysdate(), '', 0);
insert into sys_menu values('1025', '岗位导出', '104', '5',  '', '', 1, 0, 'F', '0', '0', '0', 'system:post:export',         '#', 1, 'admin', sysdate(), 1, 'admin', sysdate(), '', 0);
-- 字典管理按钮
insert into sys_menu values('1026', '字典查询', '105', '1', '#', '', 1, 0, 'F', '0', '0', '0', 'system:dict:query',          '#', 1, 'admin', sysdate(), 1, 'admin', sysdate(), '', 0);
insert into sys_menu values('1027', '字典新增', '105', '2', '#', '', 1, 0, 'F', '0', '0', '0', 'system:dict:add',            '#', 1, 'admin', sysdate(), 1, 'admin', sysdate(), '', 0);
insert into sys_menu values('1028', '字典修改', '105', '3', '#', '', 1, 0, 'F', '0', '0', '0', 'system:dict:edit',           '#', 1, 'admin', sysdate(), 1, 'admin', sysdate(), '', 0);
insert into sys_menu values('1029', '字典删除', '105', '4', '#', '', 1, 0, 'F', '0', '0', '0', 'system:dict:remove',         '#', 1, 'admin', sysdate(), 1, 'admin', sysdate(), '', 0);
insert into sys_menu values('1030', '字典导出', '105', '5', '#', '', 1, 0, 'F', '0', '0', '0', 'system:dict:export',         '#', 1, 'admin', sysdate(), 1, 'admin', sysdate(), '', 0);
-- 参数设置按钮
insert into sys_menu values('1031', '参数查询', '106', '1', '#', '', 1, 0, 'F', '0', '0', '0', 'system:config:query',        '#', 1, 'admin', sysdate(), 1, 'admin', sysdate(), '', 0);
insert into sys_menu values('1032', '参数新增', '106', '2', '#', '', 1, 0, 'F', '0', '0', '0', 'system:config:add',          '#', 1, 'admin', sysdate(), 1, 'admin', sysdate(), '', 0);
insert into sys_menu values('1033', '参数修改', '106', '3', '#', '', 1, 0, 'F', '0', '0', '0', 'system:config:edit',         '#', 1, 'admin', sysdate(), 1, 'admin', sysdate(), '', 0);
insert into sys_menu values('1034', '参数删除', '106', '4', '#', '', 1, 0, 'F', '0', '0', '0', 'system:config:remove',       '#', 1, 'admin', sysdate(), 1, 'admin', sysdate(), '', 0);
insert into sys_menu values('1035', '参数导出', '106', '5', '#', '', 1, 0, 'F', '0', '0', '0', 'system:config:export',       '#', 1, 'admin', sysdate(), 1, 'admin', sysdate(), '', 0);
-- 通知公告按钮
insert into sys_menu values('1036', '公告查询', '107', '1', '#', '', 1, 0, 'F', '0', '0', '0', 'system:notice:query',        '#', 1, 'admin', sysdate(), 1, 'admin', sysdate(), '', 0);
insert into sys_menu values('1037', '公告新增', '107', '2', '#', '', 1, 0, 'F', '0', '0', '0', 'system:notice:add',          '#', 1, 'admin', sysdate(), 1, 'admin', sysdate(), '', 0);
insert into sys_menu values('1038', '公告修改', '107', '3', '#', '', 1, 0, 'F', '0', '0', '0', 'system:notice:edit',         '#', 1, 'admin', sysdate(), 1, 'admin', sysdate(), '', 0);
insert into sys_menu values('1039', '公告删除', '107', '4', '#', '', 1, 0, 'F', '0', '0', '0', 'system:notice:remove',       '#', 1, 'admin', sysdate(), 1, 'admin', sysdate(), '', 0);
-- 操作日志按钮
insert into sys_menu values('1040', '操作查询', '500', '1', '#', '', 1, 0, 'F', '0', '0', '0', 'monitor:operlog:query',      '#', 1, 'admin', sysdate(), 1, 'admin', sysdate(), '', 0);
insert into sys_menu values('1041', '操作删除', '500', '2', '#', '', 1, 0, 'F', '0', '0', '0', 'monitor:operlog:remove',     '#', 1, 'admin', sysdate(), 1, 'admin', sysdate(), '', 0);
insert into sys_menu values('1042', '日志导出', '500', '4', '#', '', 1, 0, 'F', '0', '0', '0', 'monitor:operlog:export',     '#', 1, 'admin', sysdate(), 1, 'admin', sysdate(), '', 0);
-- 登录日志按钮
insert into sys_menu values('1043', '登录查询', '501', '1', '#', '', 1, 0, 'F', '0', '0', '0', 'monitor:loginInfo:query',   '#', 1, 'admin', sysdate(), 1, 'admin', sysdate(), '', 0);
insert into sys_menu values('1044', '登录删除', '501', '2', '#', '', 1, 0, 'F', '0', '0', '0', 'monitor:loginInfo:remove',  '#', 1, 'admin', sysdate(), 1, 'admin', sysdate(), '', 0);
insert into sys_menu values('1045', '日志导出', '501', '3', '#', '', 1, 0, 'F', '0', '0', '0', 'monitor:loginInfo:export',  '#', 1, 'admin', sysdate(), 1, 'admin', sysdate(), '', 0);
-- 在线用户按钮
insert into sys_menu values('1046', '在线查询', '109', '1', '#', '', 1, 0, 'F', '0', '0', '0', 'monitor:online:query',       '#', 1, 'admin', sysdate(), 1, 'admin', sysdate(), '', 0);
insert into sys_menu values('1047', '批量强退', '109', '2', '#', '', 1, 0, 'F', '0', '0', '0', 'monitor:online:batchLogout', '#', 1, 'admin', sysdate(), 1, 'admin', sysdate(), '', 0);
insert into sys_menu values('1048', '单条强退', '109', '3', '#', '', 1, 0, 'F', '0', '0', '0', 'monitor:online:forceLogout', '#', 1, 'admin', sysdate(), 1, 'admin', sysdate(), '', 0);
-- 定时任务按钮
insert into sys_menu values('1049', '任务查询', '110', '1', '#', '', 1, 0, 'F', '0', '0', '0', 'monitor:job:query',          '#', 1, 'admin', sysdate(), 1, 'admin', sysdate(), '', 0);
insert into sys_menu values('1050', '任务新增', '110', '2', '#', '', 1, 0, 'F', '0', '0', '0', 'monitor:job:add',            '#', 1, 'admin', sysdate(), 1, 'admin', sysdate(), '', 0);
insert into sys_menu values('1051', '任务修改', '110', '3', '#', '', 1, 0, 'F', '0', '0', '0', 'monitor:job:edit',           '#', 1, 'admin', sysdate(), 1, 'admin', sysdate(), '', 0);
insert into sys_menu values('1052', '任务删除', '110', '4', '#', '', 1, 0, 'F', '0', '0', '0', 'monitor:job:remove',         '#', 1, 'admin', sysdate(), 1, 'admin', sysdate(), '', 0);
insert into sys_menu values('1053', '状态修改', '110', '5', '#', '', 1, 0, 'F', '0', '0', '0', 'monitor:job:changeStatus',   '#', 1, 'admin', sysdate(), 1, 'admin', sysdate(), '', 0);
insert into sys_menu values('1054', '任务导出', '110', '7', '#', '', 1, 0, 'F', '0', '0', '0', 'monitor:job:export',         '#', 1, 'admin', sysdate(), 1, 'admin', sysdate(), '', 0);
-- 代码生成按钮
insert into sys_menu values('1055', '生成查询', '115', '1', '#', '', 1, 0, 'F', '0', '0', '0', 'tool:gen:query',             '#', 1, 'admin', sysdate(), 1, 'admin', sysdate(), '', 0);
insert into sys_menu values('1056', '生成修改', '115', '2', '#', '', 1, 0, 'F', '0', '0', '0', 'tool:gen:edit',              '#', 1, 'admin', sysdate(), 1, 'admin', sysdate(), '', 0);
insert into sys_menu values('1057', '生成删除', '115', '3', '#', '', 1, 0, 'F', '0', '0', '0', 'tool:gen:remove',            '#', 1, 'admin', sysdate(), 1, 'admin', sysdate(), '', 0);
insert into sys_menu values('1058', '导入代码', '115', '2', '#', '', 1, 0, 'F', '0', '0', '0', 'tool:gen:import',            '#', 1, 'admin', sysdate(), 1, 'admin', sysdate(), '', 0);
insert into sys_menu values('1059', '预览代码', '115', '4', '#', '', 1, 0, 'F', '0', '0', '0', 'tool:gen:preview',           '#', 1, 'admin', sysdate(), 1, 'admin', sysdate(), '', 0);
insert into sys_menu values('1060', '生成代码', '115', '5', '#', '', 1, 0, 'F', '0', '0', '0', 'tool:gen:code',              '#', 1, 'admin', sysdate(), 1, 'admin', sysdate(), '', 0);


-- ----------------------------
-- 6、用户和角色关联表  用户N-1角色
-- ----------------------------
drop table if exists sys_user_role;
create table sys_user_role (
  user_id   bigint(20) not null comment '用户ID',
  role_id   bigint(20) not null comment '角色ID',
  primary key(user_id, role_id)
) engine=innodb comment = '用户和角色关联表';

-- ----------------------------
-- 初始化-用户和角色关联表数据
-- ----------------------------
insert into sys_user_role values ('1', '1');
insert into sys_user_role values ('2', '2');


-- ----------------------------
-- 7、角色和菜单关联表  角色1-N菜单
-- ----------------------------
drop table if exists sys_role_menu;
create table sys_role_menu (
  role_id   bigint(20) not null comment '角色ID',
  menu_id   bigint(20) not null comment '菜单ID',
  primary key(role_id, menu_id)
) engine=innodb comment = '角色和菜单关联表';

-- ----------------------------
-- 初始化-角色和菜单关联表数据
-- ----------------------------
insert into sys_role_menu values ('2', '1');
insert into sys_role_menu values ('2', '2');
insert into sys_role_menu values ('2', '3');
insert into sys_role_menu values ('2', '4');
insert into sys_role_menu values ('2', '100');
insert into sys_role_menu values ('2', '101');
insert into sys_role_menu values ('2', '102');
insert into sys_role_menu values ('2', '103');
insert into sys_role_menu values ('2', '104');
insert into sys_role_menu values ('2', '105');
insert into sys_role_menu values ('2', '106');
insert into sys_role_menu values ('2', '107');
insert into sys_role_menu values ('2', '108');
insert into sys_role_menu values ('2', '109');
insert into sys_role_menu values ('2', '110');
insert into sys_role_menu values ('2', '111');
insert into sys_role_menu values ('2', '112');
insert into sys_role_menu values ('2', '113');
insert into sys_role_menu values ('2', '114');
insert into sys_role_menu values ('2', '115');
insert into sys_role_menu values ('2', '116');
insert into sys_role_menu values ('2', '500');
insert into sys_role_menu values ('2', '501');
insert into sys_role_menu values ('2', '1000');
insert into sys_role_menu values ('2', '1001');
insert into sys_role_menu values ('2', '1002');
insert into sys_role_menu values ('2', '1003');
insert into sys_role_menu values ('2', '1004');
insert into sys_role_menu values ('2', '1005');
insert into sys_role_menu values ('2', '1006');
insert into sys_role_menu values ('2', '1007');
insert into sys_role_menu values ('2', '1008');
insert into sys_role_menu values ('2', '1009');
insert into sys_role_menu values ('2', '1010');
insert into sys_role_menu values ('2', '1011');
insert into sys_role_menu values ('2', '1012');
insert into sys_role_menu values ('2', '1013');
insert into sys_role_menu values ('2', '1014');
insert into sys_role_menu values ('2', '1015');
insert into sys_role_menu values ('2', '1016');
insert into sys_role_menu values ('2', '1017');
insert into sys_role_menu values ('2', '1018');
insert into sys_role_menu values ('2', '1019');
insert into sys_role_menu values ('2', '1020');
insert into sys_role_menu values ('2', '1021');
insert into sys_role_menu values ('2', '1022');
insert into sys_role_menu values ('2', '1023');
insert into sys_role_menu values ('2', '1024');
insert into sys_role_menu values ('2', '1025');
insert into sys_role_menu values ('2', '1026');
insert into sys_role_menu values ('2', '1027');
insert into sys_role_menu values ('2', '1028');
insert into sys_role_menu values ('2', '1029');
insert into sys_role_menu values ('2', '1030');
insert into sys_role_menu values ('2', '1031');
insert into sys_role_menu values ('2', '1032');
insert into sys_role_menu values ('2', '1033');
insert into sys_role_menu values ('2', '1034');
insert into sys_role_menu values ('2', '1035');
insert into sys_role_menu values ('2', '1036');
insert into sys_role_menu values ('2', '1037');
insert into sys_role_menu values ('2', '1038');
insert into sys_role_menu values ('2', '1039');
insert into sys_role_menu values ('2', '1040');
insert into sys_role_menu values ('2', '1041');
insert into sys_role_menu values ('2', '1042');
insert into sys_role_menu values ('2', '1043');
insert into sys_role_menu values ('2', '1044');
insert into sys_role_menu values ('2', '1045');
insert into sys_role_menu values ('2', '1046');
insert into sys_role_menu values ('2', '1047');
insert into sys_role_menu values ('2', '1048');
insert into sys_role_menu values ('2', '1049');
insert into sys_role_menu values ('2', '1050');
insert into sys_role_menu values ('2', '1051');
insert into sys_role_menu values ('2', '1052');
insert into sys_role_menu values ('2', '1053');
insert into sys_role_menu values ('2', '1054');
insert into sys_role_menu values ('2', '1055');
insert into sys_role_menu values ('2', '1056');
insert into sys_role_menu values ('2', '1057');
insert into sys_role_menu values ('2', '1058');
insert into sys_role_menu values ('2', '1059');
insert into sys_role_menu values ('2', '1060');

-- ----------------------------
-- 8、角色和部门关联表  角色1-N部门
-- ----------------------------
drop table if exists sys_role_dept;
create table sys_role_dept (
  role_id   bigint(20) not null comment '角色ID',
  dept_id   bigint(20) not null comment '部门ID',
  primary key(role_id, dept_id)
) engine=innodb comment = '角色和部门关联表';

-- ----------------------------
-- 初始化-角色和部门关联表数据
-- ----------------------------
insert into sys_role_dept values ('2', '100');
insert into sys_role_dept values ('2', '101');
insert into sys_role_dept values ('2', '105');


-- ----------------------------
-- 9、用户与岗位关联表  用户1-N岗位
-- ----------------------------
drop table if exists sys_user_post;
create table sys_user_post
(
  user_id   bigint(20) not null comment '用户ID',
  post_id   bigint(20) not null comment '岗位ID',
  primary key (user_id, post_id)
) engine=innodb comment = '用户与岗位关联表';

-- ----------------------------
-- 初始化-用户与岗位关联表数据
-- ----------------------------
insert into sys_user_post values ('1', '1');
insert into sys_user_post values ('2', '2');


-- ----------------------------
-- 10、操作日志记录
-- ----------------------------
drop table if exists sys_oper_log;
create table sys_oper_log (
  oper_id           bigint(20)      not null auto_increment    comment '日志主键',
  title             varchar(50)     default ''                 comment '模块标题',
  business_type     int(2)          default 0                  comment '业务类型（0其它 1新增 2修改 3删除）',
  method            varchar(100)    default ''                 comment '方法名称',
  request_method    varchar(10)     default ''                 comment '请求方式',
  operator_type     int(1)          default 0                  comment '操作类别（0其它 1后台用户 2手机端用户）',
  oper_name         varchar(50)     default ''                 comment '操作人员',
  dept_name         varchar(50)     default ''                 comment '部门名称',
  oper_url          varchar(255)    default ''                 comment '请求URL',
  oper_ip           varchar(128)    default ''                 comment '主机地址',
  oper_location     varchar(255)    default ''                 comment '操作地点',
  oper_param        varchar(2000)   default ''                 comment '请求参数',
  json_result       varchar(2000)   default ''                 comment '返回参数',
  status_code       int(1)          default 0                  comment '操作状态（0正常 1异常）',
  error_msg         varchar(2000)   default ''                 comment '错误消息',
  oper_time         datetime                                   comment '操作时间',
  primary key (oper_id)
) engine=innodb auto_increment=100 comment = '操作日志记录';


-- ----------------------------
-- 11、字典类型表
-- ----------------------------
drop table if exists sys_dict_type;
create table sys_dict_type
(
  dict_id          bigint(20)      not null auto_increment    comment '字典主键',
  dict_name        varchar(100)    default ''                 comment '字典名称',
  dict_type        varchar(100)    default ''                 comment '字典类型',
  status_code      char(1)         default '0'                comment '状态（0正常 1停用）',
  del_flag         char(1)         default '0'                comment '删除标志（0代表未删除 1代表已删除）',
  created_by       bigint(20)      default 1                  comment '创建者ID',
  created_name     varchar(64)     default ''                 comment '创建者',
  created_time     datetime                                   comment '创建时间',
  modified_by      bigint(20)      default 1                  comment '更新者ID',
  modified_name    varchar(64)     default ''                 comment '更新者',
  modified_time    datetime                                   comment '更新时间',
  remark           varchar(500)    default null               comment '备注',
  tenant_id_path   varchar(500)    default ''                 comment '租户ID路径',
  tenant_name_path varchar(500)    default ''                 comment '租户名称路径',
  vor              bigint(20)      default 0                  comment '记录版本号',
  primary key (dict_id),
  unique (dict_type)
) engine=innodb auto_increment=100 comment = '字典类型表';

insert into sys_dict_type values(1,  '用户性别', 'sys_user_sex',        '0', '0', 1, 'admin', sysdate(), 1, 'admin', sysdate(), '用户性别列表', '/100', '', 0);
insert into sys_dict_type values(2,  '菜单状态', 'sys_show_hide',       '0', '0', 1, 'admin', sysdate(), 1, 'admin', sysdate(), '菜单状态列表', '/100', '', 0);
insert into sys_dict_type values(3,  '系统开关', 'sys_normal_disable',  '0', '0', 1, 'admin', sysdate(), 1, 'admin', sysdate(), '系统开关列表', '/100', '', 0);
insert into sys_dict_type values(4,  '任务状态', 'sys_job_status',      '0', '0', 1, 'admin', sysdate(), 1, 'admin', sysdate(), '任务状态列表', '/100', '', 0);
insert into sys_dict_type values(5,  '任务分组', 'sys_job_group',       '0', '0', 1, 'admin', sysdate(), 1, 'admin', sysdate(), '任务分组列表', '/100', '', 0);
insert into sys_dict_type values(6,  '系统是否', 'sys_yes_no',          '0', '0', 1, 'admin', sysdate(), 1, 'admin', sysdate(), '系统是否列表', '/100', '', 0);
insert into sys_dict_type values(7,  '通知类型', 'sys_notice_type',     '0', '0', 1, 'admin', sysdate(), 1, 'admin', sysdate(), '通知类型列表', '/100', '', 0);
insert into sys_dict_type values(8,  '通知状态', 'sys_notice_status',   '0', '0', 1, 'admin', sysdate(), 1, 'admin', sysdate(), '通知状态列表', '/100', '', 0);
insert into sys_dict_type values(9,  '操作类型', 'sys_oper_type',       '0', '0', 1, 'admin', sysdate(), 1, 'admin', sysdate(), '操作类型列表', '/100', '', 0);
insert into sys_dict_type values(10, '系统状态', 'sys_common_status',   '0', '0', 1, 'admin', sysdate(), 1, 'admin', sysdate(), '登录状态列表', '/100', '', 0);


-- ----------------------------
-- 12、字典数据表
-- ----------------------------
drop table if exists sys_dict_data;
create table sys_dict_data
(
  dict_code        bigint(20)      not null auto_increment    comment '字典编码',
  dict_sort        int(4)          default 0                  comment '字典排序',
  dict_label       varchar(100)    default ''                 comment '字典标签',
  dict_value       varchar(100)    default ''                 comment '字典键值',
  dict_type        varchar(100)    default ''                 comment '字典类型',
  css_class        varchar(100)    default null               comment '样式属性（其他样式扩展）',
  list_class       varchar(100)    default null               comment '表格回显样式',
  is_default       char(1)         default 'N'                comment '是否默认（Y是 N否）',
  status_code      char(1)         default '0'                comment '状态（0正常 1停用）',
  del_flag         char(1)         default '0'                comment '删除标志（0代表未删除 1代表已删除）',
  created_by       bigint(20)      default 1                  comment '创建者ID',
  created_name     varchar(64)     default ''                 comment '创建者',
  created_time     datetime                                   comment '创建时间',
  modified_by      bigint(20)      default 1                  comment '更新者ID',
  modified_name    varchar(64)     default ''                 comment '更新者',
  modified_time    datetime                                   comment '更新时间',
  remark           varchar(500)    default null               comment '备注',
  tenant_id_path   varchar(500)    default ''                 comment '租户ID路径',
  tenant_name_path varchar(500)    default ''                 comment '租户名称路径',
  vor              bigint(20)      default 0                  comment '记录版本号',
  primary key (dict_code)
) engine=innodb auto_increment=100 comment = '字典数据表';

insert into sys_dict_data values(1,  1,  '男',       '0',       'sys_user_sex',        '',   '',        'Y', '0', '0', 1, 'admin', sysdate(), 1, 'admin', sysdate(), '性别男', '/100', '', 0);
insert into sys_dict_data values(2,  2,  '女',       '1',       'sys_user_sex',        '',   '',        'N', '0', '0', 1, 'admin', sysdate(), 1, 'admin', sysdate(), '性别女', '/100', '', 0);
insert into sys_dict_data values(3,  3,  '未知',     '2',       'sys_user_sex',        '',   '',        'N', '0', '0', 1, 'admin', sysdate(), 1, 'admin', sysdate(), '性别未知', '/100', '', 0);
insert into sys_dict_data values(4,  1,  '显示',     '0',       'sys_show_hide',       '',   'primary', 'Y', '0', '0', 1, 'admin', sysdate(), 1, 'admin', sysdate(), '显示菜单', '/100', '', 0);
insert into sys_dict_data values(5,  2,  '隐藏',     '1',       'sys_show_hide',       '',   'danger',  'N', '0', '0', 1, 'admin', sysdate(), 1, 'admin', sysdate(), '隐藏菜单', '/100', '', 0);
insert into sys_dict_data values(6,  1,  '正常',     '0',       'sys_normal_disable',  '',   'primary', 'Y', '0', '0', 1, 'admin', sysdate(), 1, 'admin', sysdate(), '正常状态', '/100', '', 0);
insert into sys_dict_data values(7,  2,  '停用',     '1',       'sys_normal_disable',  '',   'danger',  'N', '0', '0', 1, 'admin', sysdate(), 1, 'admin', sysdate(), '停用状态', '/100', '', 0);
insert into sys_dict_data values(8,  1,  '正常',     '0',       'sys_job_status',      '',   'primary', 'Y', '0', '0', 1, 'admin', sysdate(), 1, 'admin', sysdate(), '正常状态', '/100', '', 0);
insert into sys_dict_data values(9,  2,  '暂停',     '1',       'sys_job_status',      '',   'danger',  'N', '0', '0', 1, 'admin', sysdate(), 1, 'admin', sysdate(), '停用状态', '/100', '', 0);
insert into sys_dict_data values(10, 1,  '默认',     'DEFAULT', 'sys_job_group',       '',   '',        'Y', '0', '0', 1, 'admin', sysdate(), 1, 'admin', sysdate(), '默认分组', '/100', '', 0);
insert into sys_dict_data values(11, 2,  '系统',     'SYSTEM',  'sys_job_group',       '',   '',        'N', '0', '0', 1, 'admin', sysdate(), 1, 'admin', sysdate(), '系统分组', '/100', '', 0);
insert into sys_dict_data values(12, 1,  '是',       'Y',       'sys_yes_no',          '',   'primary', 'Y', '0', '0', 1, 'admin', sysdate(), 1, 'admin', sysdate(), '系统默认是', '/100', '', 0);
insert into sys_dict_data values(13, 2,  '否',       'N',       'sys_yes_no',          '',   'danger',  'N', '0', '0', 1, 'admin', sysdate(), 1, 'admin', sysdate(), '系统默认否', '/100', '', 0);
insert into sys_dict_data values(14, 1,  '通知',     '1',       'sys_notice_type',     '',   'warning', 'Y', '0', '0', 1, 'admin', sysdate(), 1, 'admin', sysdate(), '通知', '/100', '', 0);
insert into sys_dict_data values(15, 2,  '公告',     '2',       'sys_notice_type',     '',   'success', 'N', '0', '0', 1, 'admin', sysdate(), 1, 'admin', sysdate(), '公告', '/100', '', 0);
insert into sys_dict_data values(16, 1,  '正常',     '0',       'sys_notice_status',   '',   'primary', 'Y', '0', '0', 1, 'admin', sysdate(), 1, 'admin', sysdate(), '正常状态', '/100', '', 0);
insert into sys_dict_data values(17, 2,  '关闭',     '1',       'sys_notice_status',   '',   'danger',  'N', '0', '0', 1, 'admin', sysdate(), 1, 'admin', sysdate(), '关闭状态', '/100', '', 0);
insert into sys_dict_data values(18, 1,  '新增',     '1',       'sys_oper_type',       '',   'info',    'N', '0', '0', 1, 'admin', sysdate(), 1, 'admin', sysdate(), '新增操作', '/100', '', 0);
insert into sys_dict_data values(19, 2,  '修改',     '2',       'sys_oper_type',       '',   'info',    'N', '0', '0', 1, 'admin', sysdate(), 1, 'admin', sysdate(), '修改操作', '/100', '', 0);
insert into sys_dict_data values(20, 3,  '删除',     '3',       'sys_oper_type',       '',   'danger',  'N', '0', '0', 1, 'admin', sysdate(), 1, 'admin', sysdate(), '删除操作', '/100', '', 0);
insert into sys_dict_data values(21, 4,  '授权',     '4',       'sys_oper_type',       '',   'primary', 'N', '0', '0', 1, 'admin', sysdate(), 1, 'admin', sysdate(), '授权操作', '/100', '', 0);
insert into sys_dict_data values(22, 5,  '导出',     '5',       'sys_oper_type',       '',   'warning', 'N', '0', '0', 1, 'admin', sysdate(), 1, 'admin', sysdate(), '导出操作', '/100', '', 0);
insert into sys_dict_data values(23, 6,  '导入',     '6',       'sys_oper_type',       '',   'warning', 'N', '0', '0', 1, 'admin', sysdate(), 1, 'admin', sysdate(), '导入操作', '/100', '', 0);
insert into sys_dict_data values(24, 7,  '强退',     '7',       'sys_oper_type',       '',   'danger',  'N', '0', '0', 1, 'admin', sysdate(), 1, 'admin', sysdate(), '强退操作', '/100', '', 0);
insert into sys_dict_data values(25, 8,  '生成代码', '8',       'sys_oper_type',       '',   'warning', 'N', '0', '0', 1, 'admin', sysdate(), 1, 'admin', sysdate(), '生成操作', '/100', '', 0);
insert into sys_dict_data values(26, 9,  '清空数据', '9',       'sys_oper_type',       '',   'danger',  'N', '0', '0', 1, 'admin', sysdate(), 1, 'admin', sysdate(), '清空操作', '/100', '', 0);
insert into sys_dict_data values(27, 1,  '成功',     '0',       'sys_common_status',   '',   'primary', 'N', '0', '0', 1, 'admin', sysdate(), 1, 'admin', sysdate(), '正常状态', '/100', '', 0);
insert into sys_dict_data values(28, 2,  '失败',     '1',       'sys_common_status',   '',   'danger',  'N', '0', '0', 1, 'admin', sysdate(), 1, 'admin', sysdate(), '停用状态', '/100', '', 0);


-- ----------------------------
-- 13、参数配置表
-- ----------------------------
drop table if exists sys_config;
create table sys_config (
  config_id         int(5)          not null auto_increment    comment '参数主键',
  config_group      varchar(100)    default 'system'           comment '参数名称',
  config_name       varchar(100)    default ''                 comment '参数名称',
  config_key        varchar(100)    default ''                 comment '参数键名',
  config_value      varchar(500)    default ''                 comment '参数键值',
  config_type       char(1)         default 'N'                comment '系统内置（Y是 N否）',
  status_code       char(1)         default '0'                comment '状态（0正常 1停用）',
  del_flag          char(1)         default '0'                comment '删除标志（0代表存在 1代表删除）',
  created_by        bigint(20)      default 1                  comment '创建者ID',
  created_name      varchar(64)     default ''                 comment '创建者',
  created_time      datetime                                   comment '创建时间',
  modified_by       bigint(20)      default 1                  comment '更新者ID',
  modified_name     varchar(64)     default ''                 comment '更新者',
  modified_time     datetime                                   comment '更新时间',
  remark            varchar(500)    default null               comment '备注',
  tenant_id_path    varchar(500)    default ''                 comment '租户ID路径',
  tenant_name_path  varchar(500)    default ''                 comment '租户名称路径',
  vor               bigint(20)      default 0                  comment '记录版本号',
  primary key (config_id)
) engine=innodb auto_increment=100 comment = '参数配置表';

insert into sys_config values(1, 'system', '主框架页-默认皮肤样式名称', 'sys.index.skinName',     'skin-blue',     'Y', '0', '0', 1, 'admin', sysdate(), 1, 'admin', sysdate(), '蓝色 skin-blue、绿色 skin-green、紫色 skin-purple、红色 skin-red、黄色 skin-yellow', '/100', '', 0);
insert into sys_config values(2, 'system', '用户管理-账号初始密码',     'sys.user.initPassword',  '123456',       'Y', '0', '0', 1, 'admin', sysdate(), 1, 'admin', sysdate(), '初始化密码 123456', '/100', '', 0);
insert into sys_config values(3, 'system', '主框架页-侧边栏主题',       'sys.index.sideTheme',    'theme-dark',   'Y', '0', '0', 1, 'admin', sysdate(), 1, 'admin', sysdate(), '深色主题theme-dark，浅色主题theme-light', '/100', '', 0);


-- ----------------------------
-- 14、系统访问记录
-- ----------------------------
drop table if exists sys_login_info;
create table sys_login_info (
  info_id        bigint(20)     not null auto_increment   comment '访问ID',
  user_name      varchar(50)    default ''                comment '用户账号',
  ipaddr         varchar(128)   default ''                comment '登录IP地址',
  login_location varchar(255)   default ''                comment '登录地点',
  browser        varchar(50)    default ''                comment '浏览器类型',
  os             varchar(50)    default ''                comment '操作系统',
  status_code    char(1)        default '0'               comment '登录状态（0成功 1失败）',
  msg            varchar(255)   default ''                comment '提示消息',
  login_time     datetime                                 comment '访问时间',
  primary key (info_id)
) engine=innodb auto_increment=1 comment = '系统访问记录';


-- ----------------------------
-- 15、定时任务调度表
-- ----------------------------
drop table if exists sys_job;
create table sys_job (
  job_id              bigint(20)    not null auto_increment    comment '任务ID',
  job_name            varchar(64)   default ''                 comment '任务名称',
  job_group           varchar(64)   default 'DEFAULT'          comment '任务组名',
  invoke_target       varchar(500)  not null                   comment '调用目标字符串',
  cron_expression     varchar(255)  default ''                 comment 'cron执行表达式',
  misfire_policy      varchar(20)   default '3'                comment '计划执行错误策略（1立即执行 2执行一次 3放弃执行）',
  concurrent          char(1)       default '1'                comment '是否并发执行（0允许 1禁止）',
  status_code         char(1)       default '0'                comment '状态（0正常 1暂停）',
  created_by          bigint(20)    default 1                  comment '创建者ID',
  created_name        varchar(64)   default ''                 comment '创建者',
  created_time        datetime                                 comment '创建时间',
  modified_by         bigint(20)    default 1                  comment '更新者ID',
  modified_name       varchar(64)   default ''                 comment '更新者',
  modified_time       datetime                                 comment '更新时间',
  remark              varchar(500)  default null               comment '备注',
  vor                 bigint(20)    default 0                  comment '记录版本号',
  primary key (job_id, job_name, job_group)
) engine=innodb auto_increment=100 comment = '定时任务调度表';

insert into sys_job values(1, '系统默认（无参）', 'DEFAULT', 'ryTask.ryNoParams',        '0/10 * * * * ?', '3', '1', '1', 1, 'admin', sysdate(), 1, 'admin', sysdate(), '', 0);
insert into sys_job values(2, '系统默认（有参）', 'DEFAULT', 'ryTask.ryParams(\'ry\')',  '0/15 * * * * ?', '3', '1', '1', 1, 'admin', sysdate(), 1, 'admin', sysdate(), '', 0);
insert into sys_job values(3, '系统默认（多参）', 'DEFAULT', 'ryTask.ryMultipleParams(\'ry\', true, 2000L, 316.50D, 100)',  '0/20 * * * * ?', '3', '1', '1', 1, 'admin', sysdate(), 1, 'admin', sysdate(), '', 0);


-- ----------------------------
-- 16、定时任务调度日志表
-- ----------------------------
drop table if exists sys_job_log;
create table sys_job_log (
  job_log_id          bigint(20)     not null auto_increment    comment '任务日志ID',
  job_name            varchar(64)    not null                   comment '任务名称',
  job_group           varchar(64)    not null                   comment '任务组名',
  invoke_target       varchar(500)   not null                   comment '调用目标字符串',
  job_message         varchar(500)                              comment '日志信息',
  status_code         char(1)        default '0'                comment '执行状态（0正常 1失败）',
  exception_info      varchar(2000)  default ''                 comment '异常信息',
  create_time         datetime                                  comment '创建时间',
  primary key (job_log_id)
) engine=innodb comment = '定时任务调度日志表';


-- ----------------------------
-- 17、通知公告表
-- ----------------------------
drop table if exists sys_notice;
create table sys_notice (
  notice_id         int(4)          not null auto_increment    comment '公告ID',
  notice_title      varchar(50)     not null                   comment '公告标题',
  notice_type       char(1)         not null                   comment '公告类型（1通知 2公告）',
  notice_content    longblob        default null               comment '公告内容',
  status_code       char(1)         default '0'                comment '公告状态（0正常 1关闭）',
  del_flag          char(1)         default '0'                comment '删除标志（0代表存在 1代表删除）',
  created_by        bigint(20)      default 1                  comment '创建者ID',
  created_name      varchar(64)     default ''                 comment '创建者',
  created_time      datetime                                   comment '创建时间',
  modified_by       bigint(20)      default 1                  comment '更新者ID',
  modified_name     varchar(64)     default ''                 comment '更新者',
  modified_time     datetime                                   comment '更新时间',
  remark            varchar(500)    default null               comment '备注',
  vor               bigint(20)      default 0                  comment '记录版本号',
  primary key (notice_id)
) engine=innodb auto_increment=10 comment = '通知公告表';

-- ----------------------------
-- 初始化-公告信息表数据
-- ----------------------------
insert into sys_notice values('1', '温馨提醒：2018-07-01 若依新版本发布啦', '2', '新版本内容', '0', '0', 1, 'admin', sysdate(), 1, 'admin', sysdate(), '管理员', 0);
insert into sys_notice values('2', '维护通知：2018-07-01 若依系统凌晨维护', '1', '维护内容',   '0', '0', 1, 'admin', sysdate(), 1, 'admin', sysdate(), '管理员', 0);


-- ----------------------------
-- 18、代码生成业务表
-- ----------------------------
drop table if exists gen_table;
create table gen_table (
  table_id          bigint(20)      not null auto_increment    comment '编号',
  table_name        varchar(200)    default ''                 comment '表名称',
  table_comment     varchar(500)    default ''                 comment '表描述',
  sub_table_name    varchar(64)     default null               comment '关联子表的表名',
  sub_table_fk_name varchar(64)     default null               comment '子表关联的外键名',
  class_name        varchar(100)    default ''                 comment '实体类名称',
  tpl_category      varchar(200)    default 'crud'             comment '使用的模板（crud单表操作 tree树表操作）',
  package_name      varchar(100)                               comment '生成包路径',
  module_name       varchar(30)                                comment '生成模块名',
  business_name     varchar(30)                                comment '生成业务名',
  function_name     varchar(50)                                comment '生成功能名',
  function_author   varchar(50)                                comment '生成功能作者',
  gen_type          char(1)         default '0'                comment '生成代码方式（0zip压缩包 1自定义路径）',
  gen_path          varchar(200)    default '/'                comment '生成路径（不填默认项目路径）',
  options           varchar(1000)                              comment '其它生成选项',
  created_name      varchar(64)      default ''                comment '创建者',
  created_time      datetime                                   comment '创建时间',
  modified_name     varchar(64)      default ''                comment '更新者',
  modified_time     datetime                                   comment '更新时间',
  remark            varchar(500)    default null               comment '备注',
  primary key (table_id)
) engine=innodb auto_increment=1 comment = '代码生成业务表';


-- ----------------------------
-- 19、代码生成业务表字段
-- ----------------------------
drop table if exists gen_table_column;
create table gen_table_column (
  column_id         bigint(20)      not null auto_increment    comment '编号',
  table_id          varchar(64)                                comment '归属表编号',
  column_name       varchar(200)                               comment '列名称',
  column_comment    varchar(500)                               comment '列描述',
  column_type       varchar(100)                               comment '列类型',
  java_type         varchar(500)                               comment 'JAVA类型',
  java_field        varchar(200)                               comment 'JAVA字段名',
  is_pk             char(1)                                    comment '是否主键（1是）',
  is_increment      char(1)                                    comment '是否自增（1是）',
  is_required       char(1)                                    comment '是否必填（1是）',
  is_insert         char(1)                                    comment '是否为插入字段（1是）',
  is_edit           char(1)                                    comment '是否编辑字段（1是）',
  is_list           char(1)                                    comment '是否列表字段（1是）',
  is_query          char(1)                                    comment '是否查询字段（1是）',
  query_type        varchar(200)    default 'EQ'               comment '查询方式（等于、不等于、大于、小于、范围）',
  html_type         varchar(200)                               comment '显示类型（文本框、文本域、下拉框、复选框、单选框、日期控件）',
  dict_type         varchar(200)    default ''                 comment '字典类型',
  sort              int                                        comment '排序',
  created_name      varchar(64)     default ''                 comment '创建者',
  created_time      datetime                                   comment '创建时间',
  modified_name     varchar(64)     default ''                 comment '更新者',
  modified_time     datetime                                   comment '更新时间',
  primary key (column_id)
) engine=innodb auto_increment=1 comment = '代码生成业务表字段';